title,company,location,salary,deadline,link
AI Associate,QuickHyre,Work from home,₹12.0 - ₹15.0 LPA,Not specified by employer,https://internshala.com/job/detail/fresher-remote-artificial-intelligence-ai-associate-job-at-quickhyre1788418419
Data Analytics Associate,AKS Tech,Work from home,₹7.25 - ₹8.0 LPA,Not specified by employer,https://internshala.com/job/detail/fresher-remote-data-analytics-associate-job-at-aks-tech1790077474
Electronics Engineer,Nexaora,Work from home,₹6.5 - ₹7.25 LPA,Not specified by employer,https://internshala.com/job/detail/fresher-remote-electronics-engineer-job-at-nexaora1790147100
Data Scientist,QuickHyre,Work from home,₹6.0 - ₹12.0 LPA,Not specified by employer,https://internshala.com/job/detail/fresher-remote-data-scientist-job-at-quickhyre1788512497
Data Analytics Executive,LAVORO GROUP OF TECHNOLOGIES,Pune,₹5.5 - ₹6.0 LPA,Not specified by employer,https://internshala.com/job/detail/fresher-data-analytics-executive-job-in-pune-at-lavoro-group-of-technologies1789025544
Python Full Stack Developer,Webaxis Software Services,Work from home,₹5.0 - ₹9.0 LPA,Not specified by employer,https://internshala.com/job/detail/fresher-remote-python-full-stack-developer-job-at-webaxis-software-services1789996072
Software Tester,APEX I SOFT TECHNOLOGIES PRIVATE LIMITED,Bangalore,₹5.0 - ₹6.5 LPA,Not specified by employer,https://internshala.com/job/detail/fresher-software-tester-job-in-bangalore-at-apex-i-soft-technologies-private-limited1782244921
Software Developer,APEX I SOFT TECHNOLOGIES PRIVATE LIMITED,Bangalore,₹5.0 - ₹6.0 LPA,Not specified by employer,https://internshala.com/job/detail/fresher-software-developer-job-in-bangalore-at-apex-i-soft-technologies-private-limited1782244846
Automation Engineer (Full Stack + Low Code),Kalash Group,Jaipur,₹5.0 - ₹8.0 LPA,Not specified by employer,https://internshala.com/job/detail/fresher-automation-engineer-full-stack-low-code-job-in-jaipur-at-kalash-group1782625626
Full Stack Developer,Honhr,"Chennai, Delhi, Kolkata, Mumbai, Bangalore",₹4.8 LPA,Not specified by employer,https://internshala.com/job/detail/fresher-full-stack-developer-job-in-multiple-locations-at-honhr1790438174
Python Developer,Honhr,"Chennai, Delhi, Kolkata, Mumbai, Bangalore",₹4.8 LPA,Not specified by employer,https://internshala.com/job/detail/fresher-python-developer-job-in-multiple-locations-at-honhr1790437418
Full Stack Developer,DigiPlus IT,Mumbai,₹4.0 - ₹6.0 LPA,Not specified by employer,https://internshala.com/job/details/fresher-full-stack-developer-job-in-mumbai-at-digiplus-it1785139708
Cybersecurity & SASE Analyst (Fresher),Gigabit Technologies Pvt Limited,"Gurgaon, Delhi, Faridabad, Ghaziabad, Noida",₹3.0 - ₹4.0 LPA,Not specified by employer,https://internshala.com/job/detail/fresher-cybersecurity-sase-analyst-fresher-job-in-multiple-locations-at-gigabit-technologies-pvt-limited1785285025
Data Scientist,Digitwin Technology Private Limited,Chennai,₹3.0 - ₹6.0 LPA,Not specified by employer,https://internshala.com/job/detail/fresher-data-scientist-job-in-chennai-at-digitwin-technology-private-limited1790323244
Associate Software Developer,Anuj Gope,Bangalore,₹3.0 - ₹6.0 LPA,Not specified by employer,https://internshala.com/job/detail/fresher-associate-software-developer-job-in-bangalore-at-anuj-gope1790342544
Software Engineer,CoderBoutiqueWebsite,Work from home,₹3.0 - ₹8.0 LPA,Not specified by employer,https://internshala.com/job/detail/fresher-remote-software-engineer-job-at-coderboutiquewebsite1784129497
Automation & Systems Developer,"Loyola Tutoring (Perth, Australia)",Work from home,₹3.0 - ₹8.0 LPA,Not specified by employer,https://internshala.com/job/detail/fresher-remote-automation-systems-developer-job-at-loyola-tutoring1784621000
AI Engineer,Krutrim Insights,Delhi,₹3.0 - ₹5.4 LPA,Not specified by employer,https://internshala.com/job/detail/fresher-ai-engineer-job-in-delhi-at-krutrim-insights1788166470
Embedded Software Engineer,Glarenergy,Hyderabad,₹3.0 - ₹5.0 LPA,Not specified by employer,https://internshala.com/job/detail/fresher-embedded-software-engineer-job-in-hyderabad-at-glarenergy1784186050
IoT Application Engineer,UtopiaTech,"Navi Mumbai, Mumbai",₹3.0 - ₹3.6 LPA,Not specified by employer,https://internshala.com/job/detail/fresher-iot-application-engineer-job-in-multiple-locations-at-utopiatech1787228516
Embedded Systems Engineer,Bookmark Projects Trust (DoScience),Hyderabad,₹3.0 - ₹3.6 LPA,Not specified by employer,https://internshala.com/job/detail/fresher-embedded-systems-engineer-job-in-hyderabad-at-bookmark-projects-trust-doscience1788531812
Junior Robotics Trainee,CloudData Technologies,Chennai,₹3.0 - ₹3.3 LPA,Not specified by employer,https://internshala.com/job/detail/fresher-junior-robotics-trainee-job-in-chennai-at-clouddata-technologies1789190669
Robotics Engineer,Playto Labs,Bangalore,₹3.0 - ₹3.25 LPA,Not specified by employer,https://internshala.com/job/detail/fresher-robotics-engineer-job-in-bangalore-at-playto-labs1788626652
Full Stack Developer,Hexerve Solution Inc,Kanpur,₹2.6 - ₹10.2 LPA,Not specified by employer,https://internshala.com/job/detail/fresher-full-stack-developer-job-in-kanpur-at-hexerve-solution-inc1787937306
Jr. WordPress Developer,Bitcot Technologies,Indore,₹2.5 - ₹3.0 LPA,Not specified by employer,https://internshala.com/job/detail/fresher-jr-wordpress-developer-job-in-indore-at-bitcot-technologies1781915415
Junior Software Tester,Magic Bus India Foundation,Chennai (Hybrid),₹2.5 - ₹3.0 LPA,Not specified by employer,https://internshala.com/job/detail/fresher-junior-software-tester-job-in-chennai-at-magic-bus-india-foundation1788181010
Backend Developer,Myfastx,Work from home,₹2.5 LPA,Not specified by employer,https://internshala.com/job/detail/fresher-remote-backend-devloper-job-at-myfastx1784020572
Android App Developer,IoTfy Solutions Private Limited,Delhi,₹2.5 - ₹5.0 LPA,Not specified by employer,https://internshala.com/job/detail/fresher-android-app-developer-job-in-delhi-at-iotfy-solutions-private-limited1785761069
Software Developer,Indomitech Group,West Bengal,₹2.4 - ₹3.0 LPA,Not specified by employer,https://internshala.com/job/detail/fresher-software-developer-job-in-west-bengal-at-indomitech-group1785585897
Cloud Infrastructure Associate,Drona Pay Private Limited,Mumbai (Hybrid),₹2.4 - ₹3.5 LPA,Not specified by employer,https://internshala.com/job/detail/fresher-cloud-infrastructure-associate-job-in-mumbai-at-drona-pay-private-limited1785904701
Embedded Systems Associate,KVAR Technologies Private Limited,Mumbai,₹2.4 - ₹3.0 LPA,Not specified by employer,https://internshala.com/job/detail/fresher-embedded-systems-associate-job-in-mumbai-at-kvar-technologies-private-limited1787289611
Associate Software Tester,Innova Unified Management Services Private Limited,Kolkata,₹2.4 - ₹2.88 LPA,Not specified by employer,https://internshala.com/job/detail/fresher-associate-software-tester-job-in-kolkata-at-innova-unified-management-services-private-limited1784526229
Azure Databricks Administrator,Aaptatt,Work from home,₹2.78 - ₹2.88 LPA,Not specified by employer,https://internshala.com/job/detail/fresher-remote-azure-databricks-administrator-job-at-aaptatt1788246046
Full Stack Developer,Stayin Bangalore,Bangalore (Hybrid),₹2.2 - ₹2.8 LPA,Not specified by employer,https://internshala.com/job/detail/fresher-full-stack-developer-job-in-bangalore-at-stayin-bangalore1787230697
Junior Software Developer,Naxos Design Studio,Bangalore,₹2.1 - ₹2.5 LPA,Not specified by employer,https://internshala.com/job/detail/fresher-junior-software-developer-job-in-bangalore-at-naxos-design-studio1786963758
Data Analytics Associate,Nitin Agrawal,Mumbai,₹2.0 - ₹10.0 LPA,Not specified by employer,https://internshala.com/job/detail/fresher-data-analytics-associate-job-in-mumbai-at-nitin-agrawal1788365909
Full Stack Developer,Healthligence,Work from home,₹2.0 - ₹3.5 LPA,Not specified by employer,https://internshala.com/job/detail/fresher-remote-full-stack-developer-job-at-healthligence1788008845
Junior Software Developer,Clinikite,Chennai (Hybrid),₹2.0 - ₹4.0 LPA,Not specified by employer,https://internshala.com/job/detail/fresher-junior-software-developer-job-in-chennai-at-clinikite1787462723
Junior Software Tester,Oodles Market Makers,Chennai,₹2.0 - ₹4.8 LPA,Not specified by employer,https://internshala.com/job/detail/fresher-junior-software-tester-job-in-chennai-at-oodles-market-makers1784726206
AI-Assisted Full-Stack Developer,Sun Sea International,Delhi,₹2.0 - ₹3.0 LPA,Not specified by employer,https://internshala.com/job/detail/fresher-ai-assisted-full-stack-developer-job-in-delhi-at-sun-sea-international1788522575
Junior Software Developer,KASP TURNKEY SOLUTION,Gurgaon,₹2.0 - ₹3.0 LPA,Not specified by employer,https://internshala.com/job/detail/fresher-junior-software-developer-job-in-gurgaon-at-kasp-turnkey-solution1786643125
AI/ML Trainee (Generative AI),WINIT,Hyderabad,₹2.0 - ₹3.0 LPA,Not specified by employer,https://internshala.com/job/detail/fresher-ai-ml-trainee--generative-ai-job-in-hyderabad-at-winit1785457814
DevOps With AI Intern,SkillsecureX,Work from home,₹2.0 - ₹3.0 LPA,Not specified by employer,https://internshala.com/job/detail/fresher-remote-devops-with-ai-intern-job-at-skillsecurex1782865825
Software Engineer Trainee,Vishenera Technologies Private Limited,Varanasi (Hybrid),₹2.0 - ₹2.4 LPA,Not specified by employer,https://internshala.com/job/detail/fresher-software-engineer-trainee-job-in-varanasi-at-vishenera-technologies-private-limited1787577006
Software Developer,Vedaz,Work from home,₹2.0 - ₹2.4 LPA,Not specified by employer,https://internshala.com/job/detail/fresher-remote-software-developer-job-at-vedaz1786096078
AI Associate,Career Guide,Delhi,₹2.0 - ₹2.2 LPA,Not specified by employer,https://internshala.com/job/detail/fresher-artificial-intelligence-ai-associate-job-in-delhi-at-career-guide1787035880
.NET Developer,Medicircle.in,"Mira Bhayandar, Vasai-Virar",₹2.0 - ₹2.5 LPA,Not specified by employer,https://internshala.com/job/detail/fresher-net-developer-job-in-multiple-locations-at-medicirclein1785226618
Junior Front End Developer,Zedex Info Private Limited,Mumbai,₹2.0 - ₹2.04 LPA,Not specified by employer,https://internshala.com/job/detail/fresher-junior-front-end-developer-job-in-mumbai-at-zedex-info-private-limited1787119592
Desktop Engineer,Probox Solutions India Private Limited,Panjim,₹2.0 LPA,Not specified by employer,https://internshala.com/job/detail/fresher-desktop-engineer-job-in-panjim-at-probox-solutions-india-private-limited1784010863
AI Associate,Doctors App,"Mumbai, Mira Road, Bhayander",₹2.3 LPA,Not specified by employer,https://internshala.com/job/detail/fresher-artificial-intelligence-ai-associate-job-in-multiple-locations-at-doctors-app1788445620
